<?xml version="1.0" encoding="UTF-8"?>
<!DOCTYPE mapper PUBLIC "-//mybatis.org//DTD Mapper 3.0//EN" "http://mybatis.org/dtd/mybatis-3-mapper.dtd">

<mapper namespace="com.anluy.admin.mapper.SuspiciousMapper" >
    <resultMap id="BaseResultMap" type="com.anluy.admin.entity.Suspicious" >
        <id column="id" property="id" jdbcType="VARCHAR" />
        <result column="name" property="name" jdbcType="VARCHAR" />
        <result column="gmsfzh" property="gmsfzh" jdbcType="VARCHAR" />
        <result column="qq" property="qq" jdbcType="VARCHAR"/>
        <result column="weixin" property="weixin" jdbcType="VARCHAR" />
        <result column="cft" property="cft" jdbcType="VARCHAR" />
        <result column="zfb" property="zfb" jdbcType="VARCHAR" />
        <result column="yhzh" property="yhzh" jdbcType="INTEGER" />
        <result column="phone" property="phone" jdbcType="INTEGER" />
        <result column="imei" property="imei" jdbcType="VARCHAR" />
        <result column="glry" property="glry" jdbcType="VARCHAR" />
        <result column="ly" property="ly" jdbcType="VARCHAR" />
        <result column="gzjd" property="gzjd" jdbcType="VARCHAR" />
        <result column="create_time" property="createTime" jdbcType="DATE" />
        <result column="modify_time" property="modifyTime" jdbcType="DATE" />
        <result column="is_delete" property="isDelete" jdbcType="VARCHAR" />
    </resultMap>

    <sql id="Base_Column_List" >
        id, name, gmsfzh, qq, weixin,cft,zfb,yhzh,phone,imei,glry,ly,gzjd,create_time,modify_time,is_delete
    </sql>

    <select id="getAll" resultMap="BaseResultMap"  >
        SELECT
        <include refid="Base_Column_List" />
        FROM suspicious where is_delete ='0'
    </select>

    <select id="get" parameterType="java.lang.String" resultMap="BaseResultMap" >
        SELECT
        <include refid="Base_Column_List" />
        FROM suspicious
        WHERE id = #{id} and is_delete ='0'
    </select>

    <insert id="save" parameterType="com.anluy.admin.entity.Suspicious" >
        INSERT INTO
        suspicious
        (<include refid="Base_Column_List" />)
        VALUES
        (#{id}, #{name}, #{gmsfzh}, #{qq}, #{weixin},#{cft},#{zfb},#{yhzh},#{phone},#{imei},#{glry},#{ly},#{gzjd},#{createTime},#{modifyTime},#{isDelete})
    </insert>

    <update id="update" parameterType="com.anluy.admin.entity.Suspicious" >
        UPDATE
        suspicious
        SET
        <if test="name != null">name = #{name},</if>
        <if test="gmsfzh != null">gmsfzh = #{gmsfzh},</if>
        <if test="qq != null">qq = #{qq},</if>
        <if test="weixin != null">weixin = #{weixin},</if>
        <if test="cft != null">cft = #{cft},</if>
        <if test="zfb != null">zfb = #{zfb},</if>
        <if test="yhzh != null">yhzh = #{yhzh},</if>
        <if test="phone != null">phone = #{phone},</if>
        <if test="imei != null">imei = #{imei},</if>
        <if test="glry != null">glry = #{glry},</if>
        <if test="ly != null">ly = #{ly},</if>
        <if test="gzjd != null">gzjd = #{gzjd},</if>
        <if test="createTime != null">create_Time = #{createTime},</if>
        <if test="modifyTime != null">modify_Time = #{modifyTime},</if>
        <if test="isDelete != null">is_Delete = #{isDelete},</if>
        id = #{id}
        WHERE
        id = #{id}
    </update>

    <delete id="delete" parameterType="java.lang.Long" >
        DELETE FROM
        users
        WHERE
        id =#{id}
    </delete>
</mapper>